-- Generi
INSERT INTO genres (id, name, description) VALUES (1, 'Azione', 'Esperienze ricche di adrenalina e combattimenti'),(2, 'Drammatico', 'Storie emozionanti e cariche di tensione'),(3, 'Fantascienza', 'Avventure ambientate in universi futuristici'),(4, 'Fantasy', 'Mondi immaginari, magia e creature leggendarie'),(5, 'Commedia', 'Situazioni divertenti e leggerezza narrativa'),(6, 'Horror', 'Paura, suspense e atmosfere inquietanti'),(7, 'Thriller', 'Suspense intensa e colpi di scena'),(8, 'Storico', 'Eventi ambientati nel passato'),(9, 'Avventura', 'Esplorazioni, missioni e viaggi'),(10, 'Romantico', 'Storie d’amore e relazioni personali');

-- Piattaforme
INSERT INTO platforms (id, name, description) VALUES (1, 'PlayStation 5', 'Console di nuova generazione di Sony'),(2, 'Xbox Series X', 'Console potente di Microsoft'),(3, 'Nintendo Switch', 'Console ibrida portatile e domestica'),(4, 'PC', 'Computer personale ad alte prestazioni'),(5, 'Mobile', 'Dispositivi mobili come smartphone e tablet');

-- Giochi
INSERT INTO games (id, name, description, image, genre) VALUES (1, 'Elden Ring', 'GDR d\'azione in un mondo aperto creato da FromSoftware', 'elden-ring.jpg', 'Azione'),(2, 'God of War Ragnarok', 'Kratos e Atreus affrontano il destino nel mondo norreno', 'god-of-war.jpg', 'Azione'),(3, 'Zelda: Breath of the Wild', 'Avventura in un vasto mondo aperto fantasy', 'zelda.jpg', 'Fantasy'),(4, 'The Last of Us Part II', 'Una storia intensa di sopravvivenza e vendetta', 'the-last-of-us.png', 'Drammatico'),(5, 'Resident Evil Village', 'Horror in prima persona con creature terrificanti', 'resident-evil.png', 'Horror'),(6, 'Cyberpunk 2077', 'Gioco futuristico ambientato in Night City', 'cyberpunk.png', 'Fantascienza'),(7, 'Minecraft', 'Crea e sopravvivi in un mondo a blocchi', 'minecraft.jpg', 'Avventura'),(8, 'FC 24', 'Simulazione calcistica realistica', 'fc-24.jpg', 'Sportivo'),(9, 'Hades', 'Rogue-like mitologico con azione frenetica', 'hades.jpg', 'Azione'),(10, 'Stardew Valley', 'Simulazione agricola con elementi RPG', 'stardew-valley.jpg.avif', 'Avventura'),(11, 'Hogwarts Legacy', 'Vivi l’esperienza magica a Hogwarts', 'hogwarts.avif', 'Fantasy'),(12, 'Assassin’s Creed Valhalla', 'Vichinghi tra storia e mitologia', 'assassins-creed.jpg', 'Storico'),(13, 'Among Us', 'Gioco di deduzione sociale nello spazio', 'among-us.jpg', 'Commedia'),(14, 'Fortnite', 'Battle royale con costruzioni', 'fortnite.jpeg', 'Azione'),(15, 'Portal 2', 'Puzzle game in prima persona con portali', 'portal-2.jpg', 'Fantascienza'),(16, 'Call Of Duty MW2', 'Sparatutto in prima persona', 'callofduty.jpg', 'Simulazione');

-- Film
INSERT INTO movies (id, title, description, image, duration, release_date, trailer) VALUES (1, 'Inception', 'Un viaggio nei sogni e nella mente umana', 'inception.jpg', 148, '2010-07-16', 'inception.mp4'),(2, 'Il Padrino', 'La storia di una potente famiglia mafiosa', 'il-padrino.JPG', 175, '1972-03-24', 'il-padrino.mp4'),(3, 'Interstellar', 'Un’odissea spaziale per salvare l’umanità', 'interstellar.jpg', 169, '2014-11-07', 'interstellar.mp4'),(4, 'Il Signore degli Anelli', 'La battaglia per la Terra di Mezzo', 'il-signore-degli-anelli.jpg', 178, '2001-12-19', 'il-signore-degli-anelli.mp4'),(5, 'Titanic', 'Una storia d’amore tragica sul transatlantico', 'titanic.jpg.webp', 195, '1997-12-19', 'titanic.mp4'),(6, 'The Matrix', 'La realtà non è ciò che sembra', 'matrix.jpg', 136, '1999-03-31', 'matrix.mp4'),(7, 'Joker', 'La discesa nella follia di un uomo emarginato', 'joker.jpg', 122, '2019-10-04', 'joker.mp4'),(8, 'Avatar', 'Scopri Pandora in una lotta tra culture', 'avatar.JPG', 162, '2009-12-18', 'avatar.mp4'),(9, 'Pulp Fiction', 'Storie intrecciate di crimine e ironia', 'pulp-fiction.jpg', 154, '1994-10-14', 'pulp-fiction.mp4'),(10, 'Up', 'Un’avventura aerea tra sogni e realtà', 'up.jpg.webp', 96, '2009-05-29', 'up.mp4'),(11, 'La Vita è Bella', 'Speranza e amore durante la guerra', 'la-vita-e-bella.jpg', 116, '1997-12-20', 'la-vita-e-bella.mp4'),(12, 'Il Gladiatore', 'La vendetta di un generale romano', 'il-gladiatore.jpg', 155, '2000-05-05', 'il-gladiatore.mp4'),(13, 'Shrek', 'Un orco in un’avventura esilarante', 'shrek.jpg', 90, '2001-05-18', 'shrek.mp4'),(14, 'Frozen', 'Il potere del ghiaccio e dell’amore', 'frozen.jpeg', 102, '2013-11-27', 'frozen.mp4'),(15, 'Fight Club', 'Scontro con la società moderna', 'fight-club.jpg', 139, '1999-10-15', 'fight-club.mp4');

-- Canzoni
INSERT INTO songs (id, name, artist, image, duration, release_date, album) VALUES (1, 'Bohemian Rhapsody', 'Queen', 'bohemian-rhapsody.jpg', 3.54, '1975-10-31', 'A Night at the Opera'),(2, 'Billie Jean', 'Michael Jackson', 'billie-jean.jpg', 2.34, '1983-01-02', 'Thriller'),(3, 'Shape of You', 'Ed Sheeran', 'shape-of-you.jpg', 2.30, '2017-01-06', 'Divide'),(4, 'Imagine', 'John Lennon', 'imagine.jpg', 1.53, '1971-10-11', 'Imagine'),(5, 'Smells Like Teen Spirit', 'Nirvana', 'smell-like-teen-spirit.jpg', 3.01, '1991-09-10', 'Nevermind'),(6, 'Rolling in the Deep', 'Adele', 'rolling-in-the-deep.jpg', 2.28, '2010-11-29', '21'),(7, 'Hey Jude', 'The Beatles', 'hey-jude.png', 3.10, '1968-08-26', 'Hey Jude'),(8, 'Hotel California', 'Eagles', 'hotel-california.jpg', 3.00, '1976-12-08', 'Hotel California'),(9, 'Lose Yourself', 'Eminem', 'lose-yourself.jpg.webp', 3.26, '2002-10-28', '8 Mile'),(10, 'Bad Guy', 'Billie Eilish', 'bad-guy.jpeg', 2.24, '2019-03-29', 'When We All Fall Asleep'),(11, 'Despacito', 'Luis Fonsi', 'despacito.jpeg', 2.29, '2017-01-12', 'Vida'),(12, 'Believer', 'Imagine Dragons', 'believer.jpeg', 2.04, '2017-02-01', 'Evolve'),(13, 'Shallow', 'Lady Gaga & Bradley Cooper', 'shallow.jpeg', 2.15, '2018-10-05', 'A Star is Born'),(14, 'Take On Me', 'A-ha', 'take-on-me.jpeg', 3.15, '1985-01-01', 'Hunting High and Low'),(15, 'Blinding Lights', 'The Weeknd', 'blinding-lights.jpeg', 3.40, '2019-11-29', 'After Hours');

-- Libri
INSERT INTO books (id, title, author, image, isbn, description, publication_date) VALUES (1, '1984', 'George Orwell', '1984.jpg', '1234567890001', 'Distopia totalitaria e controllo della mente', '1949-06-08'),(2, 'Il Signore degli Anelli', 'J.R.R. Tolkien', 'il-signore-degli-anelli.jpg', '1234567890002', 'L’epica avventura nella Terra di Mezzo', '1954-07-29'),(3, 'Harry Potter e la Pietra Filosofale', 'J.K. Rowling', 'hp-pietra-filosofale.jpg', '1234567890003', 'L’inizio della saga del giovane mago', '1997-06-26'),(4, 'Il Piccolo Principe', 'Antoine de Saint-Exupéry', 'il-piccolo-principe.jpg', '1234567890004', 'Un viaggio poetico attraverso i pianeti', '1943-04-06'),(5, 'Orgoglio e Pregiudizio', 'Jane Austen', 'orgoglio-e-pregiudizio.jpg', '1234567890005', 'Amore e convenzioni sociali', '1813-01-28'),(6, 'Il Nome della Rosa', 'Umberto Eco', 'il-nome-della-rosa.jpg', '1234567890006', 'Mistero medievale in un monastero', '1980-10-01'),(7, 'Dracula', 'Bram Stoker', 'dracula.jpg', '1234567890007', 'Il classico racconto del vampiro', '1897-05-26'),(8, 'Il Gabbiano Jonathan Livingston', 'Richard Bach', 'il-gabbiano-jonathan-livingston.jpg', '1234567890008', 'Spiritualità e libertà', '1970-01-01'),(9, 'Il Codice da Vinci', 'Dan Brown', 'il-codice-da-vinci.jpg', '1234567890009', 'Thriller simbolico tra storia e fede', '2003-03-18'),(10, 'Il Processo', 'Franz Kafka', 'il-processo.jpg', '1234567890010', 'Un incubo burocratico senza fine', '1925-04-26'),(11, 'Cronache del Ghiaccio e del Fuoco', 'George R.R. Martin', 'cronache-del-ghiaccio-e-del-fuoco.jpg', '1234567890011', 'Intrighi e battaglie per il trono', '1996-08-06'),(12, 'Dune', 'Frank Herbert', 'dune.jpg', '1234567890012', 'Epica fantascientifica sul pianeta Arrakis', '1965-08-01'),(13, 'La Metamorfosi', 'Franz Kafka', 'la-metamorfosi.jpg', '1234567890013', 'Un uomo si sveglia trasformato in insetto', '1915-10-01'),(14, 'Il Cacciatore di Aquiloni', 'Khaled Hosseini', 'il-cacciatore-di-aquiloni.jpg', '1234567890014', 'Amicizia e redenzione in Afghanistan', '2003-05-29'),(15, 'Sherlock Holmes: Uno studio in rosso', 'Arthur Conan Doyle', 'sh-uno-studio-in-rosso.jpg', '1234567890015', 'Il primo caso del celebre investigatore', '1887-11-01');

-- Associazioni giochi/piattaforme
INSERT INTO game_platforms (game_id, platform_id) VALUES (1, 1), (1, 4), (2, 1), (2, 2), (3, 3), (4, 1), (5, 4), (6, 4), (7, 4), (7, 3), (8, 4), (9, 4), (10, 3), (11, 1), (12, 1), (13, 3), (14, 1), (15, 4), (16, 4), (16, 2), (16, 1);

-- Associazioni libri/generi
INSERT INTO books_genres (book_id, genre_id) VALUES (1, 1), (1, 7), (2, 4), (3, 4), (4, 9), (5, 10), (6, 7), (7, 6), (8, 9), (9, 7), (10, 2), (11, 4), (12, 3), (13, 2), (14, 2), (15, 7);

-- Associazioni film/generi
INSERT INTO movies_genres (movie_id, genre_id) VALUES (1, 3), (1, 7), (2, 2), (3, 3), (4, 4), (5, 10), (6, 3), (7, 2), (8, 3), (9, 5), (10, 9), (11, 2), (12, 8), (13, 5), (14, 4), (15, 7);

-- Security
INSERT INTO `final_project_database`.`users` (`id`, `password`, `username`) VALUES ('1', '{noop}123456', 'mattia');
INSERT INTO `final_project_database`.`roles` (`id`, `name`) VALUES ('1', 'ADMIN');
INSERT INTO `final_project_database`.`role_user` (`role_id`, `user_id`) VALUES ('1', '1');